﻿Variable,Relative Importance
M_avg_pc_compensate_above_ind_,0.003233017
M_avg_relationship_w_superviso,0.007604422
M_avg_work_life_balance,0.00770215
avg_size_of_office_space,0.029284068
avg_company_culture_environment,0.038227226
avg_job_security,0.058172586
avg_dress_formality,0.093752184
avg_pc_non_job_related_duty,0.130194777
IMP_avg_challenge_at_work,0.131616918
avg_relationship_w_coworkers,0.135784948
IMP_avg_relationship_w_superviso,0.173075869
IMP_avg_work_life_balance,0.178285126
IMP_avg_pc_compensate_above_ind_,1
